Date,Weekday,Hour,Demand,PV,Price
7/1/2017,Weekend,0,632.88,0,22.770001
7/1/2017,Weekend,1,546.84,0,22.95
7/1/2017,Weekend,2,494.46,0,20.45
7/1/2017,Weekend,3,541.08,0,19.8
7/1/2017,Weekend,4,533.7,0,18.78
7/1/2017,Weekend,5,519.12,0,17.63
7/1/2017,Weekend,6,618.48,0.813702,20.81
7/1/2017,Weekend,7,725.76,6.42852,21.609999
7/1/2017,Weekend,8,774.72,14.279,22.38
7/1/2017,Weekend,9,688.14,25.0328,25.72
7/1/2017,Weekend,10,637.38,39.3983,29.869999
7/1/2017,Weekend,11,626.76,43.4587,29.82
7/1/2017,Weekend,12,630.54,46.8298,64.359999
7/1/2017,Weekend,13,669.96,50.1927,39.83
7/1/2017,Weekend,14,610.56,51.4281,43.39
7/1/2017,Weekend,15,611.64,49.0736,32.77
7/1/2017,Weekend,16,624.42,40.0904,30.72
7/1/2017,Weekend,17,658.26,30.3233,54.12
7/1/2017,Weekend,18,770.58,20.2561,51.37
7/1/2017,Weekend,19,821.88,6.63127,29.450001
7/1/2017,Weekend,20,884.52,0.800186,27.190001
7/1/2017,Weekend,21,863.82,0.00810999,26.87
7/1/2017,Weekend,22,833.76,0,23.74
7/1/2017,Weekend,23,752.76,0,21.84
7/2/2017,Weekend,0,669.78,0,20.44
7/2/2017,Weekend,1,574.2,0,21.09
7/2/2017,Weekend,2,519.3,0,19.75
7/2/2017,Weekend,3,551.34,0,18.200001
7/2/2017,Weekend,4,524.52,0,16.900001
7/2/2017,Weekend,5,508.14,0,15.100001
7/2/2017,Weekend,6,556.92,0.781262,16.79
7/2/2017,Weekend,7,654.3,2.89527,20.54
7/2/2017,Weekend,8,783.36,7.2287,21.039999
7/2/2017,Weekend,9,760.5,15.0657,24.229999
7/2/2017,Weekend,10,750.06,14.0762,27.699999
7/2/2017,Weekend,11,744.66,18.8828,31.670001
7/2/2017,Weekend,12,729.72,24.7355,33.650001
7/2/2017,Weekend,13,782.46,50.2576,30.8
7/2/2017,Weekend,14,707.04,54.3018,49.25
7/2/2017,Weekend,15,711.72,51.0443,52.820001
7/2/2017,Weekend,16,703.62,43.9751,74.72
7/2/2017,Weekend,17,730.44,32.4291,82.84
7/2/2017,Weekend,18,817.2,21.0454,34.16
7/2/2017,Weekend,19,831.96,8.09107,33.789999
7/2/2017,Weekend,20,871.38,0.759636,32.59
7/2/2017,Weekend,21,853.74,0.00810999,37.679999
7/2/2017,Weekend,22,819,0,24.41
7/2/2017,Weekend,23,754.56,0,23.6
7/3/2017,Weekday,0,673.38,0,22.859999
7/3/2017,Weekday,1,577.44,0,20.83
7/3/2017,Weekday,2,523.26,0,19.59
7/3/2017,Weekday,3,524.34,0,18.31
7/3/2017,Weekday,4,552.06,0,18.6
7/3/2017,Weekday,5,491.4,0,19.599999
7/3/2017,Weekday,6,539.64,0.624469,20.78
7/3/2017,Weekday,7,625.86,4.71461,21.630001
7/3/2017,Weekday,8,752.04,10.0645,24.379999
7/3/2017,Weekday,9,763.92,16.9823,30.6
7/3/2017,Weekday,10,770.22,23.1811,31.129999
7/3/2017,Weekday,11,741.42,20.8967,32.07
7/3/2017,Weekday,12,756.9,13.0382,73.07
7/3/2017,Weekday,13,804.78,8.9318,31.79
7/3/2017,Weekday,14,724.14,9.52383,36.43
7/3/2017,Weekday,15,718.38,4.02796,40.57
7/3/2017,Weekday,16,728.46,2.66548,60.370001
7/3/2017,Weekday,17,777.6,1.3841,40.44
7/3/2017,Weekday,18,869.4,0.824516,33.280001
7/3/2017,Weekday,19,916.92,0.197343,30.530001
7/3/2017,Weekday,20,951.84,0.0432533,30.45
7/3/2017,Weekday,21,936.18,0,28.200001
7/3/2017,Weekday,22,870.66,0,25.55
7/3/2017,Weekday,23,767.16,0,23.76
7/4/2017,Weekday,0,645.66,0,22.97
7/4/2017,Weekday,1,557.1,0,21.589999
7/4/2017,Weekday,2,507.78,0,20.949999
7/4/2017,Weekday,3,544.32,0,17.63
7/4/2017,Weekday,4,525.42,0,19.27
7/4/2017,Weekday,5,520.2,0,19.76
7/4/2017,Weekday,6,630.36,0.108133,17.64
7/4/2017,Weekday,7,738.9,1.34626,20.16
7/4/2017,Weekday,8,795.24,3.53055,20.720001
7/4/2017,Weekday,9,687.24,8.66688,22.26
7/4/2017,Weekday,10,636.84,12.7868,25.72
7/4/2017,Weekday,11,617.22,12.4515,59.949999
7/4/2017,Weekday,12,614.16,6.19333,56.68
7/4/2017,Weekday,13,654.66,16.8796,36.51
7/4/2017,Weekday,14,604.26,39.7362,39.46
7/4/2017,Weekday,15,624.06,25.2924,34.25
7/4/2017,Weekday,16,630.18,17.3797,32.59
7/4/2017,Weekday,17,683.46,9.14807,40.89
7/4/2017,Weekday,18,816.66,5.16066,28.11
7/4/2017,Weekday,19,880.56,0.770449,26.02
7/4/2017,Weekday,20,900.18,0.459566,24.28
7/4/2017,Weekday,21,876.06,0.00270333,23.29
7/4/2017,Weekday,22,824.94,0,22.57
7/4/2017,Weekday,23,735.66,0,21
7/5/2017,Weekday,0,617.4,0,19.51
7/5/2017,Weekday,1,545.76,0,19.96
7/5/2017,Weekday,2,497.7,0,17.19
7/5/2017,Weekday,3,508.68,0,16.09
7/5/2017,Weekday,4,558,0,16.93
7/5/2017,Weekday,5,510.84,0,18.479999
7/5/2017,Weekday,6,624.06,0.189233,21.35
7/5/2017,Weekday,7,745.74,5.0336,21.35
7/5/2017,Weekday,8,784.8,8.68039,23.36
7/5/2017,Weekday,9,708.66,17.2445,25.87
7/5/2017,Weekday,10,633.06,23.9461,28.66
7/5/2017,Weekday,11,625.86,32.759,51.98
7/5/2017,Weekday,12,648,41.7259,52.38
7/5/2017,Weekday,13,670.68,40.5905,67.58
7/5/2017,Weekday,14,615.06,34.4053,41.139999
7/5/2017,Weekday,15,615.06,29.1608,33.76
7/5/2017,Weekday,16,636.48,19.3315,38.9
7/5/2017,Weekday,17,669.6,12.4488,35.55
7/5/2017,Weekday,18,804.42,6.50151,34.62
7/5/2017,Weekday,19,815.76,2.52221,28.779999
7/5/2017,Weekday,20,872.1,0.156793,29.76
7/5/2017,Weekday,21,871.56,0,28.89
7/5/2017,Weekday,22,835.92,0,24.96
7/5/2017,Weekday,23,781.92,0,23.62
7/6/2017,Weekday,0,671.22,0,21.09
7/6/2017,Weekday,1,580.86,0,20.71
7/6/2017,Weekday,2,526.14,0,20.09
7/6/2017,Weekday,3,567.18,0,19.15
7/6/2017,Weekday,4,517.68,0,19.369999
7/6/2017,Weekday,5,502.38,0,21.56
7/6/2017,Weekday,6,559.8,0.443346,22.01
7/6/2017,Weekday,7,649.26,3.28995,22.93
7/6/2017,Weekday,8,780.66,12.1136,24.25
7/6/2017,Weekday,9,774.54,24.9625,25.4
7/6/2017,Weekday,10,771.3,32.9428,29.790001
7/6/2017,Weekday,11,762.48,37.406,29.19
7/6/2017,Weekday,12,777.42,23.5352,31.67
7/6/2017,Weekday,13,804.42,31.1126,37.03
7/6/2017,Weekday,14,752.04,36.349,58.91
7/6/2017,Weekday,15,708.3,24.5706,93.48
7/6/2017,Weekday,16,712.8,28.7337,34.92
7/6/2017,Weekday,17,755.1,15.6874,36.96
7/6/2017,Weekday,18,880.92,8.48575,41.679999
7/6/2017,Weekday,19,893.34,1.63551,36.61
7/6/2017,Weekday,20,937.44,0.151386,28.570001
7/6/2017,Weekday,21,937.8,0.00540666,29.99
7/6/2017,Weekday,22,876.06,0,24.44
7/6/2017,Weekday,23,759.06,0,22.360001
7/7/2017,Weekday,0,639.18,0,20.13
7/7/2017,Weekday,1,550.8,0,20.42
7/7/2017,Weekday,2,501.12,0,18.98
7/7/2017,Weekday,3,553.5,0,18.489999
7/7/2017,Weekday,4,530.46,0,18.12
7/7/2017,Weekday,5,516.78,0,20.71
7/7/2017,Weekday,6,627.3,0.0865066,21.45
7/7/2017,Weekday,7,741.6,1.57604,22.53
7/7/2017,Weekday,8,796.32,6.17981,22.809999
7/7/2017,Weekday,9,677.88,18.1285,25.72
7/7/2017,Weekday,10,632.52,30.9748,27.37
7/7/2017,Weekday,11,623.7,22.8323,44.27
7/7/2017,Weekday,12,624.96,23.3162,29.55
7/7/2017,Weekday,13,674.64,32.7319,30.819999
7/7/2017,Weekday,14,604.44,25.5546,30.450001
7/7/2017,Weekday,15,621.18,23.1675,33.09
7/7/2017,Weekday,16,641.16,16.1821,39.88
7/7/2017,Weekday,17,682.2,12.2947,42.73
7/7/2017,Weekday,18,817.92,13.3815,31.42
7/7/2017,Weekday,19,853.74,1.96802,27.66
7/7/2017,Weekday,20,894.06,0.14598,26.86
7/7/2017,Weekday,21,896.94,0,25.56
7/7/2017,Weekday,22,853.56,0,22.41
7/7/2017,Weekday,23,764.1,0,19.61
7/8/2017,Weekend,0,632.7,0,19.789999
7/8/2017,Weekend,1,549.54,0,19.01
7/8/2017,Weekend,2,502.2,0,17.92
7/8/2017,Weekend,3,544.68,0,16.89
7/8/2017,Weekend,4,517.86,0,16.48
7/8/2017,Weekend,5,512.28,0,16.27
7/8/2017,Weekend,6,623.52,0.0135166,16.42
7/8/2017,Weekend,7,749.52,1.19487,18.81
7/8/2017,Weekend,8,790.56,8.58578,20.949999
7/8/2017,Weekend,9,681.84,24.4489,22.12
7/8/2017,Weekend,10,623.52,28.1065,25.35
7/8/2017,Weekend,11,606.78,39.5308,26.44
7/8/2017,Weekend,12,606.24,45.251,26.86
7/8/2017,Weekend,13,659.52,43.8453,30.54
7/8/2017,Weekend,14,603.18,57.8188,29.97
7/8/2017,Weekend,15,610.74,44.6671,30.46
7/8/2017,Weekend,16,629.82,45.2105,58.93
7/8/2017,Weekend,17,667.08,36.1408,37.830001
7/8/2017,Weekend,18,795.42,17.7717,47.29
7/8/2017,Weekend,19,832.14,5.44991,37.58
7/8/2017,Weekend,20,857.52,0.875879,24.33
7/8/2017,Weekend,21,858.24,0.00540666,24.47
7/8/2017,Weekend,22,833.94,0,22.21
7/8/2017,Weekend,23,776.88,0,20.49
7/9/2017,Weekend,0,687.96,0,20.95
7/9/2017,Weekend,1,590.04,0,19.67
7/9/2017,Weekend,2,522.9,0,18.2
7/9/2017,Weekend,3,549.54,0,17.64
7/9/2017,Weekend,4,541.08,0,15.28
7/9/2017,Weekend,5,506.52,0,13.84
7/9/2017,Weekend,6,572.58,0.175716,12.31
7/9/2017,Weekend,7,661.14,2.88986,17.37
7/9/2017,Weekend,8,757.98,6.76373,17.1
7/9/2017,Weekend,9,775.26,10.4916,20.64
7/9/2017,Weekend,10,749.34,23.2054,20.66
7/9/2017,Weekend,11,752.04,28.4715,22.09
7/9/2017,Weekend,12,746.1,33.0752,23.489999
7/9/2017,Weekend,13,797.4,43.8075,25.67
7/9/2017,Weekend,14,721.98,37.9791,26.53
7/9/2017,Weekend,15,705.6,24.5949,28.2
7/9/2017,Weekend,16,712.8,25.0031,29.880001
7/9/2017,Weekend,17,767.7,19.564,36.03
7/9/2017,Weekend,18,906.3,7.04217,30.08
7/9/2017,Weekend,19,902.34,6.87998,28.48
7/9/2017,Weekend,20,907.38,0.783966,25.17
7/9/2017,Weekend,21,891.9,0.00540666,24.63
7/9/2017,Weekend,22,835.92,0,21.83
7/9/2017,Weekend,23,766.08,0,18.46
7/10/2017,Weekday,0,663.66,0,16.81
7/10/2017,Weekday,1,580.86,0,15.14
7/10/2017,Weekday,2,524.88,0,14.37
7/10/2017,Weekday,3,556.56,0,13.719999
7/10/2017,Weekday,4,518.4,0,14.23
7/10/2017,Weekday,5,500.04,0,17.02
7/10/2017,Weekday,6,535.14,0.359543,16.71
7/10/2017,Weekday,7,613.44,3.37646,18.78
7/10/2017,Weekday,8,753.3,13.0733,19.17
7/10/2017,Weekday,9,759.24,22.4998,22.480001
7/10/2017,Weekday,10,759.42,29.6501,25.01
7/10/2017,Weekday,11,735.66,25.687,25.309999
7/10/2017,Weekday,12,732.96,49.5791,27.99
7/10/2017,Weekday,13,779.94,50.6658,30.39
7/10/2017,Weekday,14,740.7,17.2094,31.5
7/10/2017,Weekday,15,706.86,31.5452,48.66
7/10/2017,Weekday,16,738.36,37.1167,46.91
7/10/2017,Weekday,17,808.56,32.2318,111.63
7/10/2017,Weekday,18,951.66,21.2941,52.61
7/10/2017,Weekday,19,925.92,8.10999,34.99
7/10/2017,Weekday,20,942.48,1.10296,36.41
7/10/2017,Weekday,21,910.62,0.01622,29.73
7/10/2017,Weekday,22,865.44,0,25.64
7/10/2017,Weekday,23,743.22,0,22.5
7/11/2017,Weekday,0,627.48,0,19.95
7/11/2017,Weekday,1,540.72,0,20.32
7/11/2017,Weekday,2,497.34,0,19.22
7/11/2017,Weekday,3,539.64,0,18.6
7/11/2017,Weekday,4,525.78,0,18.71
7/11/2017,Weekday,5,512.64,0,20.37
7/11/2017,Weekday,6,635.22,0.0919132,21.31
7/11/2017,Weekday,7,734.58,2.23025,23.36
7/11/2017,Weekday,8,783.9,6.33661,25.6
7/11/2017,Weekday,9,674.46,5.4364,26.17
7/11/2017,Weekday,10,640.8,9.54816,27.14
7/11/2017,Weekday,11,635.94,24.384,29.54
7/11/2017,Weekday,12,634.32,34.3134,32.7
7/11/2017,Weekday,13,683.28,46.8974,31.68
7/11/2017,Weekday,14,615.78,46.2026,38.02
7/11/2017,Weekday,15,628.02,42.326,41.51
7/11/2017,Weekday,16,652.5,32.8617,40.46
7/11/2017,Weekday,17,710.46,22.5944,35.560001
7/11/2017,Weekday,18,847.98,2.8412,36.89
7/11/2017,Weekday,19,862.74,1.79231,31.83
7/11/2017,Weekday,20,884.88,0.0648799,30.28
7/11/2017,Weekday,21,868.14,0,31.06
7/11/2017,Weekday,22,817.92,0,26.009999
7/11/2017,Weekday,23,741.06,0,24.3
7/12/2017,Weekday,0,629.82,0,22.92
7/12/2017,Weekday,1,539.1,0,20.95
7/12/2017,Weekday,2,492.84,0,18.999999
7/12/2017,Weekday,3,531.18,0,18.58
7/12/2017,Weekday,4,524.16,0,19.17
7/12/2017,Weekday,5,510.12,0,20.95
7/12/2017,Weekday,6,628.38,0.0648799,22.49
7/12/2017,Weekday,7,741.78,0.654206,22.409999
7/12/2017,Weekday,8,785.34,3.90902,23.289999
7/12/2017,Weekday,9,709.02,17.5014,24.91
7/12/2017,Weekday,10,646.2,23.9055,26.86
7/12/2017,Weekday,11,626.94,42.7505,27.8
7/12/2017,Weekday,12,628.38,43.1641,28.64
7/12/2017,Weekday,13,670.32,44.3968,29.84
7/12/2017,Weekday,14,612.54,49.3925,33.24
7/12/2017,Weekday,15,619.74,50.3711,33.77
7/12/2017,Weekday,16,627.12,33.6727,38.73
7/12/2017,Weekday,17,668.16,30.6206,44.1
7/12/2017,Weekday,18,770.04,15.3117,39.86
7/12/2017,Weekday,19,802.8,6.50421,40.39
7/12/2017,Weekday,20,865.08,0.619063,39.7
7/12/2017,Weekday,21,865.62,0.00540666,41.52
7/12/2017,Weekday,22,820.8,0,28.96
7/12/2017,Weekday,23,752.76,0,25.62
7/13/2017,Weekday,0,659.88,0,22.69
7/13/2017,Weekday,1,577.44,0,22.72
7/13/2017,Weekday,2,522,0,21.53
7/13/2017,Weekday,3,551.52,0,20.18
7/13/2017,Weekday,4,528.48,0,20.24
7/13/2017,Weekday,5,495.72,0,21.78
7/13/2017,Weekday,6,548.64,0.135167,23.34
7/13/2017,Weekday,7,642.42,5.96895,25.82
7/13/2017,Weekday,8,764.1,16.8472,26.92
7/13/2017,Weekday,9,768.6,25.0815,29.670001
7/13/2017,Weekday,10,744.66,37.233,32
7/13/2017,Weekday,11,746.46,47.4705,50.56
7/13/2017,Weekday,12,740.34,53.4746,38.6
7/13/2017,Weekday,13,780.84,45.1024,43.39
7/13/2017,Weekday,14,708.48,47.5218,54.190001
7/13/2017,Weekday,15,709.02,47.5218,38.21
7/13/2017,Weekday,16,706.14,23.6487,42.68
7/13/2017,Weekday,17,748.08,18.8611,37.69
7/13/2017,Weekday,18,876.06,7.0665,39.88
7/13/2017,Weekday,19,878.4,5.18228,41.62
7/13/2017,Weekday,20,923.4,0.713679,37.04
7/13/2017,Weekday,21,910.44,0.00270333,32.45
7/13/2017,Weekday,22,865.62,0,27.289999
7/13/2017,Weekday,23,768.42,0,24.38
7/14/2017,Weekday,0,658.8,0,22.84
7/14/2017,Weekday,1,554.76,0,22.1
7/14/2017,Weekday,2,507.42,0,21.33
7/14/2017,Weekday,3,480.6,0,19.77
7/14/2017,Weekday,4,575.64,0,20.61
7/14/2017,Weekday,5,518.58,0,22.05
7/14/2017,Weekday,6,643.14,0.34062,22.86
7/14/2017,Weekday,7,763.56,4.04418,24.769999
7/14/2017,Weekday,8,806.76,18.7936,26.309999
7/14/2017,Weekday,9,714.96,19.9181,28.19
7/14/2017,Weekday,10,645.48,29.8799,33.59
7/14/2017,Weekday,11,631.26,44.3887,33.890001
7/14/2017,Weekday,12,631.98,46.4378,49.129999
7/14/2017,Weekday,13,666.54,43.8129,38.89
7/14/2017,Weekday,14,613.26,41.8178,37.64
7/14/2017,Weekday,15,567.18,36.9437,58.98
7/14/2017,Weekday,16,123.12,37.4871,30.53
7/14/2017,Weekday,17,621,23.7677,30.6
7/14/2017,Weekday,18,813.06,14.1465,33.62
7/14/2017,Weekday,19,853.2,5.13903,27.16
7/14/2017,Weekday,20,886.5,0.740712,26.910001
7/14/2017,Weekday,21,883.08,0,27.12
7/14/2017,Weekday,22,839.16,0,24.12
7/14/2017,Weekday,23,766.08,0,20.23
7/15/2017,Weekend,0,666,0,21.21
7/15/2017,Weekend,1,558.9,0,21.29
7/15/2017,Weekend,2,504.72,0,18.77
7/15/2017,Weekend,3,509.22,0,18.32
7/15/2017,Weekend,4,549.18,0,17.85
7/15/2017,Weekend,5,504.18,0,17.99
7/15/2017,Weekend,6,607.5,0.15409,16.79
7/15/2017,Weekend,7,738.54,3.46837,17.900001
7/15/2017,Weekend,8,758.7,14.99,20.82
7/15/2017,Weekend,9,696.24,28.4661,22.18
7/15/2017,Weekend,10,640.8,37.0681,24.86
7/15/2017,Weekend,11,623.52,42.3855,27.97
7/15/2017,Weekend,12,617.04,52.3473,29.28
7/15/2017,Weekend,13,663.3,55.7048,30.27
7/15/2017,Weekend,14,593.46,56.2752,29.2
7/15/2017,Weekend,15,603.72,23.008,31.43
7/15/2017,Weekend,16,624.42,17.6365,30.89
7/15/2017,Weekend,17,674.1,20.3588,61.45
7/15/2017,Weekend,18,780.66,4.10095,31.11
7/15/2017,Weekend,19,802.08,0.408203,29.93
7/15/2017,Weekend,20,845.64,0.0919132,26.17
7/15/2017,Weekend,21,857.52,0,26.81
7/15/2017,Weekend,22,825.3,0,23.43
7/15/2017,Weekend,23,762.84,0,20.01
7/16/2017,Weekend,0,683.82,0,19.49
7/16/2017,Weekend,1,588.06,0,20.77
7/16/2017,Weekend,2,527.04,0,16.9
7/16/2017,Weekend,3,544.14,0,17.07
7/16/2017,Weekend,4,550.98,0,16.81
7/16/2017,Weekend,5,505.08,0,11.38
7/16/2017,Weekend,6,545.22,0.21086,5.54
7/16/2017,Weekend,7,634.14,4.15502,16.01
7/16/2017,Weekend,8,759.24,14.7791,18.950001
7/16/2017,Weekend,9,748.62,27.7389,20.94
7/16/2017,Weekend,10,722.52,40.085,22.21
7/16/2017,Weekend,11,713.88,41.8043,24.84
7/16/2017,Weekend,12,700.38,51.9256,27.6
7/16/2017,Weekend,13,757.62,54.3667,31.66
7/16/2017,Weekend,14,671.22,54.81,34.62
7/16/2017,Weekend,15,676.62,52.7825,40.01
7/16/2017,Weekend,16,682.92,44.24,45.31
7/16/2017,Weekend,17,696.96,31.3911,61.53
7/16/2017,Weekend,18,818.64,20.7643,38.13
7/16/2017,Weekend,19,825.84,6.66912,44.91
7/16/2017,Weekend,20,874.8,0.0892099,28.75
7/16/2017,Weekend,21,874.98,0,28.99
7/16/2017,Weekend,22,836.28,0,25.2
7/16/2017,Weekend,23,768.78,0,21.1
7/17/2017,Weekday,0,678.96,0,21.64
7/17/2017,Weekday,1,589.5,0,21.51
7/17/2017,Weekday,2,528.84,0,20.65
7/17/2017,Weekday,3,550.98,0,19.38
7/17/2017,Weekday,4,515.7,0,19.26
7/17/2017,Weekday,5,491.04,0,20.28
7/17/2017,Weekday,6,537.84,0.183826,20.75
7/17/2017,Weekday,7,620.28,3.30888,23.53
7/17/2017,Weekday,8,746.82,12.3083,25.59
7/17/2017,Weekday,9,756.9,29.888,34.02
7/17/2017,Weekday,10,747.9,43.0776,40.03
7/17/2017,Weekday,11,740.16,38.39,36.32
7/17/2017,Weekday,12,748.26,38.563,57.3
7/17/2017,Weekday,13,802.08,41.8773,38.08
7/17/2017,Weekday,14,722.16,39.6254,51.59
7/17/2017,Weekday,15,714.24,38.8469,60.93
7/17/2017,Weekday,16,748.98,21.2833,52.71
7/17/2017,Weekday,17,803.7,32.7887,69.55
7/17/2017,Weekday,18,912.06,23.4784,44.32
7/17/2017,Weekday,19,917.1,8.02078,40.389999
7/17/2017,Weekday,20,955.8,0.492006,43.9
7/17/2017,Weekday,21,940.86,0.00540666,36.63
7/17/2017,Weekday,22,860.76,0,25.92
7/17/2017,Weekday,23,773.1,0,23.31
7/18/2017,Weekday,0,678.78,0,21.69
7/18/2017,Weekday,1,580.68,0,20.56
7/18/2017,Weekday,2,513.36,0,19.13
7/18/2017,Weekday,3,543.42,0,18.33
7/18/2017,Weekday,4,537.84,0,18.61
7/18/2017,Weekday,5,522.54,0,20.89
7/18/2017,Weekday,6,636.3,0.419016,21.259999
7/18/2017,Weekday,7,730.44,2.68441,22.7
7/18/2017,Weekday,8,766.08,13.6626,25.05
7/18/2017,Weekday,9,712.26,25.6573,28.25
7/18/2017,Weekday,10,663.84,41.415,29.71
7/18/2017,Weekday,11,635.04,47.1515,37.56
7/18/2017,Weekday,12,639.36,49.5656,35.67
7/18/2017,Weekday,13,685.44,55.1669,38.670001
7/18/2017,Weekday,14,622.62,36.8815,51.189999
7/18/2017,Weekday,15,640.62,30.1854,93.52
7/18/2017,Weekday,16,644.94,16.1227,111.41
7/18/2017,Weekday,17,690.66,22.3971,101.03
7/18/2017,Weekday,18,824.58,13.1706,67.58
7/18/2017,Weekday,19,869.22,6.76103,51.48
7/18/2017,Weekday,20,943.2,1.02456,46.09
7/18/2017,Weekday,21,939.78,0.01622,48.98
7/18/2017,Weekday,22,892.62,0,30.98
7/18/2017,Weekday,23,795.42,0,29.45
7/19/2017,Weekday,0,659.88,0,25.57
7/19/2017,Weekday,1,563.76,0,23.87
7/19/2017,Weekday,2,511.2,0,22.24
7/19/2017,Weekday,3,556.2,0,21.23
7/19/2017,Weekday,4,523.08,0,21.42
7/19/2017,Weekday,5,512.1,0,22.4
7/19/2017,Weekday,6,617.94,0.124353,24.1
7/19/2017,Weekday,7,727.74,2.82768,25.33
7/19/2017,Weekday,8,771.84,11.5703,32.22
7/19/2017,Weekday,9,674.1,11.7135,33.62
7/19/2017,Weekday,10,633.24,22.1619,36.85
7/19/2017,Weekday,11,628.56,29.3582,41.369999
7/19/2017,Weekday,12,631.44,42.1287,51.81
7/19/2017,Weekday,13,673.38,50.7766,52.25
7/19/2017,Weekday,14,605.16,43.2695,63.42
7/19/2017,Weekday,15,617.4,43.1803,115.62
7/19/2017,Weekday,16,628.38,20.8994,156.65
7/19/2017,Weekday,17,677.7,27.8227,59.21
7/19/2017,Weekday,18,818.1,16.6579,69.51
7/19/2017,Weekday,19,842.4,4.27396,70.86
7/19/2017,Weekday,20,889.2,0.29196,59.25
7/19/2017,Weekday,21,885.96,0.00270333,70.19
7/19/2017,Weekday,22,847.44,0,34.32
7/19/2017,Weekday,23,750.06,0,29.75
7/20/2017,Weekday,0,636.3,0,26.75
7/20/2017,Weekday,1,549.72,0,22.83
7/20/2017,Weekday,2,502.02,0,22.160001
7/20/2017,Weekday,3,550.44,0,21.179999
7/20/2017,Weekday,4,525.78,0,21
7/20/2017,Weekday,5,514.08,0,22.89
7/20/2017,Weekday,6,626.04,0.12165,24.8
7/20/2017,Weekday,7,742.5,3.53325,28.59
7/20/2017,Weekday,8,794.52,12.5462,32.58
7/20/2017,Weekday,9,698.22,18.5286,33.91
7/20/2017,Weekday,10,630.54,28.4796,41.48
7/20/2017,Weekday,11,623.16,22.8999,36.99
7/20/2017,Weekday,12,621.9,27.3388,60.57
7/20/2017,Weekday,13,669.6,33.2942,67.81
7/20/2017,Weekday,14,615.42,36.1165,64.57
7/20/2017,Weekday,15,627.66,31.4965,53.7
7/20/2017,Weekday,16,635.4,18.0799,72.6
7/20/2017,Weekday,17,663.12,20.5129,86.06
7/20/2017,Weekday,18,795.24,15.8523,78.219999
7/20/2017,Weekday,19,816.84,7.08002,40.51
7/20/2017,Weekday,20,879.3,0.624469,39.260001
7/20/2017,Weekday,21,903.06,0.00270333,41.29
7/20/2017,Weekday,22,848.52,0,33.76
7/20/2017,Weekday,23,752.4,0,30.08
7/21/2017,Weekday,0,638.1,0,25.91
7/21/2017,Weekday,1,550.98,0,24.47
7/21/2017,Weekday,2,502.56,0,22.89
7/21/2017,Weekday,3,532.26,0,21.94
7/21/2017,Weekday,4,545.76,0,21.650001
7/21/2017,Weekday,5,518.4,0,23.55
7/21/2017,Weekday,6,612.36,0.100023,24.73
7/21/2017,Weekday,7,727.92,2.61682,27.54
7/21/2017,Weekday,8,775.98,15.0224,30.040001
7/21/2017,Weekday,9,690.66,28.9175,29.86
7/21/2017,Weekday,10,636.66,39.8417,34.24
7/21/2017,Weekday,11,618.66,48.5978,34.44
7/21/2017,Weekday,12,626.58,51.3416,35.5
7/21/2017,Weekday,13,657.54,55.8454,51.87
7/21/2017,Weekday,14,602.46,55.9968,41.45
7/21/2017,Weekday,15,605.16,50.4306,48.81
7/21/2017,Weekday,16,624.24,38.9117,51.440001
7/21/2017,Weekday,17,671.76,33.797,67.08
7/21/2017,Weekday,18,786.24,22.4836,68.6
7/21/2017,Weekday,19,817.92,7.77748,48.15
7/21/2017,Weekday,20,894.24,0.767746,55.830001
7/21/2017,Weekday,21,893.34,0.0108133,59.39
7/21/2017,Weekday,22,840.96,0,33.74
7/21/2017,Weekday,23,765.54,0,27.35
7/22/2017,Weekend,0,656.28,0,24.89
7/22/2017,Weekend,1,560.34,0,23.99
7/22/2017,Weekend,2,506.88,0,23.670001
7/22/2017,Weekend,3,551.16,0,22.469999
7/22/2017,Weekend,4,527.58,0,21.44
7/22/2017,Weekend,5,516.78,0,22.07
7/22/2017,Weekend,6,622.26,0.19464,21.85
7/22/2017,Weekend,7,738.9,4.33073,23.66
7/22/2017,Weekend,8,783,16.6011,25.06
7/22/2017,Weekend,9,698.58,28.3714,27.24
7/22/2017,Weekend,10,650.34,41.023,28.98
7/22/2017,Weekend,11,633.06,48.8654,43.400001
7/22/2017,Weekend,12,626.58,53.6206,50.72
7/22/2017,Weekend,13,675.36,56.0373,34.569999
7/22/2017,Weekend,14,626.76,54.2423,47.700001
7/22/2017,Weekend,15,628.38,51.4227,39.5
7/22/2017,Weekend,16,656.82,44.4941,41.079999
7/22/2017,Weekend,17,682.02,35.3298,48.18
7/22/2017,Weekend,18,798.66,21.678,34.139999
7/22/2017,Weekend,19,819.36,8.72635,31.68
7/22/2017,Weekend,20,864.72,0.297366,31.87
7/22/2017,Weekend,21,867.06,0.00270333,34.26
7/22/2017,Weekend,22,851.76,0,27.18
7/22/2017,Weekend,23,777.24,0,25.01
7/23/2017,Weekend,0,686.88,0,22.86
7/23/2017,Weekend,1,596.16,0,22.78
7/23/2017,Weekend,2,531.72,0,22.4
7/23/2017,Weekend,3,560.34,0,21.85
7/23/2017,Weekend,4,544.14,0,20.8
7/23/2017,Weekend,5,503.64,0,20.26
7/23/2017,Weekend,6,553.68,0.12165,19.85
7/23/2017,Weekend,7,653.94,3.27373,21.61
7/23/2017,Weekend,8,774,14.698,23.79
7/23/2017,Weekend,9,776.88,28.4471,24.74
7/23/2017,Weekend,10,752.58,40.4445,27.92
7/23/2017,Weekend,11,747.9,48.96,31.3
7/23/2017,Weekend,12,751.68,53.0664,33.97
7/23/2017,Weekend,13,790.56,55.767,30.4
7/23/2017,Weekend,14,706.14,54.5829,34.649999
7/23/2017,Weekend,15,695.88,47.4434,36.360001
7/23/2017,Weekend,16,697.5,42.0152,52.53
7/23/2017,Weekend,17,739.08,35.638,29.400001
7/23/2017,Weekend,18,843.12,23.054,31.680001
7/23/2017,Weekend,19,837.36,10.4916,32.14
7/23/2017,Weekend,20,883.08,1.10296,28.560001
7/23/2017,Weekend,21,896.58,0.00810999,27.150001
7/23/2017,Weekend,22,873.36,0,24.37
7/23/2017,Weekend,23,825.3,0,23.3
7/24/2017,Weekday,0,765.36,0,22.7
7/24/2017,Weekday,1,696.96,0,21.51
7/24/2017,Weekday,2,604.44,0,19.44
7/24/2017,Weekday,3,585,0,18.46
7/24/2017,Weekday,4,539.64,0,19.28
7/24/2017,Weekday,5,499.86,0,20.85
7/24/2017,Weekday,6,532.08,0.143276,23.09
7/24/2017,Weekday,7,605.52,3.06558,23.37
7/24/2017,Weekday,8,755.82,13.7275,23.96
7/24/2017,Weekday,9,757.62,30.7531,26.28
7/24/2017,Weekday,10,769.5,37.0302,26.8
7/24/2017,Weekday,11,778.32,47.857,26.819999
7/24/2017,Weekday,12,788.4,52.7582,28.07
7/24/2017,Weekday,13,836.64,55.6724,29.83
7/24/2017,Weekday,14,763.38,52.0337,36.62
7/24/2017,Weekday,15,753.3,49.3466,37.57
7/24/2017,Weekday,16,777.78,43.967,39.01
7/24/2017,Weekday,17,835.74,32.8022,36.76
7/24/2017,Weekday,18,964.62,18.5827,29.86
7/24/2017,Weekday,19,966.24,6.80158,26.19
7/24/2017,Weekday,20,983.7,0.337916,25.28
7/24/2017,Weekday,21,974.52,0.00270333,24.28
7/24/2017,Weekday,22,898.56,0,22.420001
7/24/2017,Weekday,23,774.36,0,19.89
7/25/2017,Weekday,0,666.36,0,20.53
7/25/2017,Weekday,1,581.76,0,20.539999
7/25/2017,Weekday,2,528.3,0,19.48
7/25/2017,Weekday,3,565.38,0,18.649999
7/25/2017,Weekday,4,539.28,0,18.9
7/25/2017,Weekday,5,533.16,0,20.22
7/25/2017,Weekday,6,643.32,0.232486,19.51
7/25/2017,Weekday,7,761.22,4.23071,21.66
7/25/2017,Weekday,8,796.86,14.917,22.55
7/25/2017,Weekday,9,712.62,28.6958,22.759999
7/25/2017,Weekday,10,668.16,39.6254,25.309999
7/25/2017,Weekday,11,663.12,47.4732,27.74
7/25/2017,Weekday,12,667.62,51.3849,34.999999
7/25/2017,Weekday,13,727.56,50.0765,29.650001
7/25/2017,Weekday,14,677.34,49.1222,50.72
7/25/2017,Weekday,15,696.42,42.8072,36.269999
7/25/2017,Weekday,16,700.2,39.9525,55.04
7/25/2017,Weekday,17,750.24,22.7134,28.690001
7/25/2017,Weekday,18,889.92,12.4056,35.98
7/25/2017,Weekday,19,935.46,6.6583,33.56
7/25/2017,Weekday,20,999.9,0.437939,27.17
7/25/2017,Weekday,21,1006.92,0.00270333,26.360001
7/25/2017,Weekday,22,963.54,0,21.02
7/25/2017,Weekday,23,843.48,0,18.96
7/26/2017,Weekday,0,701.82,0,16.4
7/26/2017,Weekday,1,603.72,0,16.02
7/26/2017,Weekday,2,549,0,17.200001
7/26/2017,Weekday,3,569.7,0,15.050001
7/26/2017,Weekday,4,566.46,0,16.99
7/26/2017,Weekday,5,540,0,19.97
7/26/2017,Weekday,6,654.84,0.10543,20.35
7/26/2017,Weekday,7,784.98,2.67359,20.82
7/26/2017,Weekday,8,842.94,14.1087,20.94
7/26/2017,Weekday,9,711.9,28.047,23.71
7/26/2017,Weekday,10,214.56,40.3094,27.03
7/26/2017,Weekday,11,683.64,48.3409,31.760001
7/26/2017,Weekday,12,701.1,53.7828,57.16
7/26/2017,Weekday,13,727.38,50.2144,104.48
7/26/2017,Weekday,14,662.04,41.7827,35.07
7/26/2017,Weekday,15,658.08,38.0467,74.260001
7/26/2017,Weekday,16,711.9,41.8016,39.660001
7/26/2017,Weekday,17,792.18,32.4508,36.06
7/26/2017,Weekday,18,940.32,20.5886,36.65
7/26/2017,Weekday,19,987.48,3.5738,28.36
7/26/2017,Weekday,20,1010.34,0.35684,37.95
7/26/2017,Weekday,21,980.46,0.00270333,48.82
7/26/2017,Weekday,22,923.76,0,23.900001
7/26/2017,Weekday,23,800.46,0,23.319999
7/27/2017,Weekday,0,684.18,0,20.81
7/27/2017,Weekday,1,588.96,0,20.17
7/27/2017,Weekday,2,528.84,0,19.66
7/27/2017,Weekday,3,552.06,0,18.79
7/27/2017,Weekday,4,557.28,0,17.21
7/27/2017,Weekday,5,521.82,0,19.509999
7/27/2017,Weekday,6,638.1,0.100023,20.43
7/27/2017,Weekday,7,778.14,2.12752,21
7/27/2017,Weekday,8,810.9,11.4053,22.680001
7/27/2017,Weekday,9,698.76,26.9008,27.86
7/27/2017,Weekday,10,664.38,38.9631,157.31
7/27/2017,Weekday,11,662.4,47.9327,28.43
7/27/2017,Weekday,12,649.44,52.7987,28.52
7/27/2017,Weekday,13,700.56,56.3239,33.8
7/27/2017,Weekday,14,620.64,55.2047,49.23
7/27/2017,Weekday,15,636.3,50.4793,33.48
7/27/2017,Weekday,16,661.32,43.9507,38.22
7/27/2017,Weekday,17,716.22,34.2782,31.07
7/27/2017,Weekday,18,832.86,21.2049,30.160001
7/27/2017,Weekday,19,867.96,7.13138,71.64
7/27/2017,Weekday,20,919.08,0.34873,28.72
7/27/2017,Weekday,21,935.82,0.00270333,28.82
7/27/2017,Weekday,22,902.34,0,24.450001
7/27/2017,Weekday,23,834.3,0,22.94
7/28/2017,Weekday,0,764.1,0,21.3
7/28/2017,Weekday,1,679.5,0,21.5
7/28/2017,Weekday,2,552.42,0,20.19
7/28/2017,Weekday,3,566.64,0,19.25
7/28/2017,Weekday,4,536.22,0,19.41
7/28/2017,Weekday,5,519.84,0,21.53
7/28/2017,Weekday,6,612.9,0.10543,22.19
7/28/2017,Weekday,7,753.12,2.97096,23.36
7/28/2017,Weekday,8,755.46,13.5329,25.94
7/28/2017,Weekday,9,712.26,26.571,30.31
7/28/2017,Weekday,10,743.22,38.7658,30.29
7/28/2017,Weekday,11,663.66,47.4948,30.56
7/28/2017,Weekday,12,654.48,51.7742,54.4
7/28/2017,Weekday,13,645.3,54.5235,31.93
7/28/2017,Weekday,14,637.74,52.0851,42.29
7/28/2017,Weekday,15,665.28,45.9025,34
7/28/2017,Weekday,16,706.14,44.8942,35.03
7/28/2017,Weekday,17,777.06,31.7263,36.41
7/28/2017,Weekday,18,894.24,19.7884,28.77
7/28/2017,Weekday,19,928.98,6.17441,28.18
7/28/2017,Weekday,20,940.86,0.175716,26.93
7/28/2017,Weekday,21,945.72,0,25.57
7/28/2017,Weekday,22,878.04,0,22.11
7/28/2017,Weekday,23,785.16,0,20.68
7/29/2017,Weekend,0,686.7,0,21.22
7/29/2017,Weekend,1,590.76,0,21.28
7/29/2017,Weekend,2,535.86,0,20.53
7/29/2017,Weekend,3,540.18,0,18.63
7/29/2017,Weekend,4,575.46,0,19.419999
7/29/2017,Weekend,5,528.3,0,19.06
7/29/2017,Weekend,6,638.46,0.0810999,18.63
7/29/2017,Weekend,7,763.2,3.55758,16.300001
7/29/2017,Weekend,8,753.66,14.0438,19.860001
7/29/2017,Weekend,9,691.38,20.7994,21.37
7/29/2017,Weekend,10,709.2,33.5348,22.58
7/29/2017,Weekend,11,704.88,47.5299,22.4
7/29/2017,Weekend,12,655.56,52.1445,22.76
7/29/2017,Weekend,13,648.72,46.3351,23.22
7/29/2017,Weekend,14,643.32,45.7025,23.7
7/29/2017,Weekend,15,652.32,44.7266,24.81
7/29/2017,Weekend,16,673.92,32.4508,25.09
7/29/2017,Weekend,17,718.56,28.8067,27.73
7/29/2017,Weekend,18,835.74,11.2621,29.229999
7/29/2017,Weekend,19,890.64,4.20638,25.440001
7/29/2017,Weekend,20,917.82,0.835329,22.97
7/29/2017,Weekend,21,924.3,0.0108133,22.670001
7/29/2017,Weekend,22,891.54,0,19.66
7/29/2017,Weekend,23,826.92,0,16.89
7/30/2017,Weekend,0,726.48,0,21.25
7/30/2017,Weekend,1,626.04,0,19.64
7/30/2017,Weekend,2,562.32,0,18.6
7/30/2017,Weekend,3,592.38,0,18.22
7/30/2017,Weekend,4,541.26,0,18.340001
7/30/2017,Weekend,5,520.38,0,18.99
7/30/2017,Weekend,6,561.96,0.1622,20.56
7/30/2017,Weekend,7,653.4,3.77115,22.420001
7/30/2017,Weekend,8,753.66,8.22083,27.31
7/30/2017,Weekend,9,799.56,18.8909,26.39
7/30/2017,Weekend,10,887.22,24.2516,28.93
7/30/2017,Weekend,11,867.06,44.4887,29.569999
7/30/2017,Weekend,12,845.1,36.3949,33.84
7/30/2017,Weekend,13,829.08,41.2096,43.54
7/30/2017,Weekend,14,797.94,54.2612,42.55
7/30/2017,Weekend,15,821.52,42.1963,47.32
7/30/2017,Weekend,16,835.2,43.8426,37.77
7/30/2017,Weekend,17,881.64,33.8808,33.489999
7/30/2017,Weekend,18,997.74,20.0533,31.33
7/30/2017,Weekend,19,977.76,6.12034,29.28
7/30/2017,Weekend,20,973.08,0.440643,29.65
7/30/2017,Weekend,21,960.48,0.00270333,29.780001
7/30/2017,Weekend,22,911.52,0,26.560001
7/30/2017,Weekend,23,839.52,0,23.56
7/31/2017,Weekday,0,744.48,0,18.26
7/31/2017,Weekday,1,645.3,0,18.6
7/31/2017,Weekday,2,568.08,0,16.79
7/31/2017,Weekday,3,580.68,0,16.559999
7/31/2017,Weekday,4,557.28,0,16.960001
7/31/2017,Weekday,5,516.24,0,18.6
7/31/2017,Weekday,6,555.84,0.00270333,19.239999
7/31/2017,Weekday,7,653.04,2.42218,20.94
7/31/2017,Weekday,8,743.22,17.1688,22.52
7/31/2017,Weekday,9,820.62,19.1369,24.42
7/31/2017,Weekday,10,900.36,37.2762,30.66
7/31/2017,Weekday,11,849.06,49.8197,31.09
7/31/2017,Weekday,12,874.62,47.8111,27.52
7/31/2017,Weekday,13,863.82,53.6476,33.34
7/31/2017,Weekday,14,844.92,51.9904,39.52
7/31/2017,Weekday,15,825.48,49.944,58.89
7/31/2017,Weekday,16,876.6,41.6178,96.78
7/31/2017,Weekday,17,1013.4,26.8792,61.26
7/31/2017,Weekday,18,1009.08,10.8052,45.7
7/31/2017,Weekday,19,1036.62,4.48212,52.97
7/31/2017,Weekday,20,1027.26,0.17031,45.46
7/31/2017,Weekday,21,985.68,0,32.9
7/31/2017,Weekday,22,922.32,0,26.86
7/31/2017,Weekday,23,811.98,0,23.930001
8/1/2017,Weekday,0,701.46,0,21.25
8/1/2017,Weekday,1,603,0,19.64
8/1/2017,Weekday,2,536.58,0,18.6
8/1/2017,Weekday,3,574.38,0,18.22
8/1/2017,Weekday,4,563.04,0,18.340001
8/1/2017,Weekday,5,536.94,0.00032,18.99
8/1/2017,Weekday,6,652.86,0.55323,20.56
8/1/2017,Weekday,7,776.7,1.963032,22.420001
8/1/2017,Weekday,8,771.84,3.93077,27.31
8/1/2017,Weekday,9,723.42,6.252834,26.39
8/1/2017,Weekday,10,769.5,7.319748,28.93
8/1/2017,Weekday,11,716.58,7.50715,29.569999
8/1/2017,Weekday,12,694.44,9.590518,33.84
8/1/2017,Weekday,13,695.16,7.750316,43.54
8/1/2017,Weekday,14,676.62,8.633734,42.55
8/1/2017,Weekday,15,714.96,6.96229,47.32
8/1/2017,Weekday,16,718.92,5.36853,37.77
8/1/2017,Weekday,17,810.72,3.172766,33.489999
8/1/2017,Weekday,18,965.88,0.948194,31.33
8/1/2017,Weekday,19,1001.34,0.05365,29.28
8/1/2017,Weekday,20,1013.58,0,29.65
8/1/2017,Weekday,21,1007.46,0,29.780001
8/1/2017,Weekday,22,963.18,0,26.560001
8/1/2017,Weekday,23,850.5,0,23.56
8/2/2017,Weekday,0,731.16,0,21.879999
8/2/2017,Weekday,1,612.9,0,21.35
8/2/2017,Weekday,2,559.08,0,19.15
8/2/2017,Weekday,3,607.86,0,17.87
8/2/2017,Weekday,4,519.12,0,18.530001
8/2/2017,Weekday,5,540.36,0.00064,21.029999
8/2/2017,Weekday,6,655.92,0.416,22.68
8/2/2017,Weekday,7,782.64,2.307974,22.31
8/2/2017,Weekday,8,786.6,5.023604,25
8/2/2017,Weekday,9,745.02,6.749382,33.78
8/2/2017,Weekday,10,787.14,8.60032,37.610001
8/2/2017,Weekday,11,761.4,8.033062,29.91
8/2/2017,Weekday,12,746.28,8.359444,30.41
8/2/2017,Weekday,13,701.82,8.638384,36.73
8/2/2017,Weekday,14,710.1,8.669382,31.609999
8/2/2017,Weekday,15,715.68,7.649146,32.03
8/2/2017,Weekday,16,746.1,5.694796,33.149999
8/2/2017,Weekday,17,782.64,3.257946,32.03
8/2/2017,Weekday,18,937.62,1.002644,33.94
8/2/2017,Weekday,19,984.78,0.064092,31.690001
8/2/2017,Weekday,20,1060.02,0,28.679999
8/2/2017,Weekday,21,1070.82,0,26.22
8/2/2017,Weekday,22,1008.9,0,23.53
8/2/2017,Weekday,23,903.24,0,22.1
8/3/2017,Weekday,0,763.56,0,20.280001
8/3/2017,Weekday,1,630.9,0,17.73
8/3/2017,Weekday,2,567.36,0,15.21
8/3/2017,Weekday,3,607.86,0,15.58
8/3/2017,Weekday,4,584.1,0,17.04
8/3/2017,Weekday,5,572.58,0.00064,18.76
8/3/2017,Weekday,6,678.6,0.339984,21.07
8/3/2017,Weekday,7,805.68,2.405112,22.39
8/3/2017,Weekday,8,789.12,5.0272,23.73
8/3/2017,Weekday,9,753.48,7.41328,25.4
8/3/2017,Weekday,10,788.94,9.064816,35.689999
8/3/2017,Weekday,11,750.06,8.972582,60.31
8/3/2017,Weekday,12,739.44,9.369062,54.05
8/3/2017,Weekday,13,736.02,9.389912,37.13
8/3/2017,Weekday,14,733.32,8.521702,53.010001
8/3/2017,Weekday,15,746.82,6.832362,38.86
8/3/2017,Weekday,16,770.94,5.382324,56.24
8/3/2017,Weekday,17,816.3,3.178846,32.54
8/3/2017,Weekday,18,946.62,0.957996,34.44
8/3/2017,Weekday,19,961.92,0.043688,28.84
8/3/2017,Weekday,20,993.96,0,28.01
8/3/2017,Weekday,21,998.64,0,25.11
8/3/2017,Weekday,22,931.32,0,23.07
8/3/2017,Weekday,23,817.02,0,20.7
8/4/2017,Weekday,0,700.74,0,20.86
8/4/2017,Weekday,1,599.22,0,18.95
8/4/2017,Weekday,2,542.34,0,15.44
8/4/2017,Weekday,3,559.44,0,13.339999
8/4/2017,Weekday,4,552.24,0,18.04
8/4/2017,Weekday,5,537.3,0.010282,16.44
8/4/2017,Weekday,6,669.78,0.460328,20.84
8/4/2017,Weekday,7,793.08,2.078122,22.22
8/4/2017,Weekday,8,771.48,4.809794,23.489999
8/4/2017,Weekday,9,727.56,6.209702,24.71
8/4/2017,Weekday,10,761.22,7.241702,27.67
8/4/2017,Weekday,11,748.44,6.100278,33.68
8/4/2017,Weekday,12,742.32,6.426586,38.329999
8/4/2017,Weekday,13,718.92,8.968868,40.130001
8/4/2017,Weekday,14,712.44,8.301894,28.22
8/4/2017,Weekday,15,738.18,7.588378,30.15
8/4/2017,Weekday,16,750.96,5.611452,49.51
8/4/2017,Weekday,17,806.94,3.036976,39.38
8/4/2017,Weekday,18,934.56,0.73963,33.25
8/4/2017,Weekday,19,972.72,0.022964,25.530001
8/4/2017,Weekday,20,990.9,0,25.39
8/4/2017,Weekday,21,976.32,0,24.13
8/4/2017,Weekday,22,934.38,0,22.51
8/4/2017,Weekday,23,830.34,0,21.48
8/5/2017,Weekend,0,689.58,0,20.15
8/5/2017,Weekend,1,591.3,0,21.33
8/5/2017,Weekend,2,538.38,0,20.27
8/5/2017,Weekend,3,575.64,0,18.349999
8/5/2017,Weekend,4,530.1,0,18.53
8/5/2017,Weekend,5,527.58,0.0008,19.080001
8/5/2017,Weekend,6,637.02,0.319782,19.1
8/5/2017,Weekend,7,760.5,1.985988,17.8
8/5/2017,Weekend,8,741.96,4.79888,19.54
8/5/2017,Weekend,9,691.02,6.487898,22.39
8/5/2017,Weekend,10,713.7,8.772404,22.63
8/5/2017,Weekend,11,662.04,8.896774,23.13
8/5/2017,Weekend,12,657,8.934316,23.47
8/5/2017,Weekend,13,649.08,8.932986,23.65
8/5/2017,Weekend,14,638.82,8.262106,23.44
8/5/2017,Weekend,15,639.54,5.905104,24.050001
8/5/2017,Weekend,16,655.92,5.223098,24.43
8/5/2017,Weekend,17,707.58,1.96251,26.04
8/5/2017,Weekend,18,823.86,0.273212,24.94
8/5/2017,Weekend,19,855.36,0.032926,22.92
8/5/2017,Weekend,20,891,0,23.51
8/5/2017,Weekend,21,881.28,0,21.78
8/5/2017,Weekend,22,848.52,0,18.33
8/5/2017,Weekend,23,791.82,0,17.45
8/6/2017,Weekend,0,707.22,0,13.8
8/6/2017,Weekend,1,610.38,0,16.41
8/6/2017,Weekend,2,537.3,0,18.2
8/6/2017,Weekend,3,556.02,0,15.01
8/6/2017,Weekend,4,545.04,0,15.81
8/6/2017,Weekend,5,502.74,0.00048,14.450001
8/6/2017,Weekend,6,567.72,0.36651,14.27
8/6/2017,Weekend,7,638.28,2.264724,16.49
8/6/2017,Weekend,8,697.86,3.742408,14.45
8/6/2017,Weekend,9,746.46,7.140084,17.59
8/6/2017,Weekend,10,816.48,7.438652,18.72
8/6/2017,Weekend,11,765.54,6.379756,20.010001
8/6/2017,Weekend,12,732.42,7.060994,20.720001
8/6/2017,Weekend,13,721.08,7.79808,21.609999
8/6/2017,Weekend,14,711,6.592286,23.74
8/6/2017,Weekend,15,709.92,4.368926,22.15
8/6/2017,Weekend,16,702.18,5.66651,22.61
8/6/2017,Weekend,17,738,2.480732,23.18
8/6/2017,Weekend,18,858.96,0.617044,22.64
8/6/2017,Weekend,19,876.96,0.032926,23.96
8/6/2017,Weekend,20,891.18,0,26.47
8/6/2017,Weekend,21,874.44,0,21.83
8/6/2017,Weekend,22,844.92,0,18.81
8/6/2017,Weekend,23,778.14,0,18.48
8/7/2017,Weekday,0,686.34,0,16.1
8/7/2017,Weekday,1,589.14,0,17.53
8/7/2017,Weekday,2,534.78,0,17.57
8/7/2017,Weekday,3,562.14,0,16.45
8/7/2017,Weekday,4,512.1,0,17.06
8/7/2017,Weekday,5,496.8,0.00032,19.27
8/7/2017,Weekday,6,535.68,0.337668,20.05
8/7/2017,Weekday,7,619.56,2.059006,21.71
8/7/2017,Weekday,8,703.44,3.23568,22.14
8/7/2017,Weekday,9,742.86,5.772548,23.43
8/7/2017,Weekday,10,801,6.892892,24.72
8/7/2017,Weekday,11,746.64,7.830434,23.69
8/7/2017,Weekday,12,746.64,8.942096,25.39
8/7/2017,Weekday,13,732.6,8.929382,24.47
8/7/2017,Weekday,14,722.52,8.741718,23.96
8/7/2017,Weekday,15,718.74,7.115116,24.740001
8/7/2017,Weekday,16,728.46,5.31296,25.390001
8/7/2017,Weekday,17,776.34,2.80885,24.99
8/7/2017,Weekday,18,922.32,0.812724,25.799999
8/7/2017,Weekday,19,947.7,0.05333,24.22
8/7/2017,Weekday,20,958.14,0,23.65
8/7/2017,Weekday,21,935.64,0,22.03
8/7/2017,Weekday,22,885.06,0,19.35
8/7/2017,Weekday,23,769.86,0,17.980001
8/8/2017,Weekday,0,655.2,0,17.030001
8/8/2017,Weekday,1,559.8,0,17.77
8/8/2017,Weekday,2,511.2,0,16.39
8/8/2017,Weekday,3,531.9,0,15.6
8/8/2017,Weekday,4,524.16,0,15.61
8/8/2017,Weekday,5,513.36,0.00016,17.78
8/8/2017,Weekday,6,633.24,0.298938,18.07
8/8/2017,Weekday,7,752.04,1.56011,17.16
8/8/2017,Weekday,8,736.74,2.516422,20.51
8/8/2017,Weekday,9,694.44,3.413684,22.08
8/8/2017,Weekday,10,724.32,5.050854,22.75
8/8/2017,Weekday,11,672.84,7.666938,23.89
8/8/2017,Weekday,12,666.54,5.068614,24.559999
8/8/2017,Weekday,13,640.44,2.098576,24.78
8/8/2017,Weekday,14,650.52,2.666846,27.109999
8/8/2017,Weekday,15,665.46,1.698736,27.55
8/8/2017,Weekday,16,671.94,0.664572,37.17
8/8/2017,Weekday,17,722.52,0.25573,39.33
8/8/2017,Weekday,18,858.06,0.115824,40.6
8/8/2017,Weekday,19,926.82,0,25.89
8/8/2017,Weekday,20,914.04,0,31.51
8/8/2017,Weekday,21,893.7,0,25.16
8/8/2017,Weekday,22,833.76,0,20.62
8/8/2017,Weekday,23,747,0,19.100001
8/9/2017,Weekday,0,635.04,0,19.390001
8/9/2017,Weekday,1,550.08,0,18.77
8/9/2017,Weekday,2,506.7,0,18.03
8/9/2017,Weekday,3,548.28,0,16.88
8/9/2017,Weekday,4,514.62,0,17.180001
8/9/2017,Weekday,5,504.54,0.00048,18.76
8/9/2017,Weekday,6,624.42,0.362392,19.139999
8/9/2017,Weekday,7,740.7,1.696336,20.16
8/9/2017,Weekday,8,734.4,2.724388,21.030001
8/9/2017,Weekday,9,694.08,2.811528,22.72
8/9/2017,Weekday,10,714.96,6.834182,27.1
8/9/2017,Weekday,11,658.62,7.055276,28.26
8/9/2017,Weekday,12,644.58,8.891856,28.58
8/9/2017,Weekday,13,635.22,5.341988,30.209999
8/9/2017,Weekday,14,628.74,9.284218,42.54
8/9/2017,Weekday,15,662.04,6.842822,44.32
8/9/2017,Weekday,16,685.44,3.369978,50.32
8/9/2017,Weekday,17,751.32,1.920354,43.99
8/9/2017,Weekday,18,929.34,0.577516,34.06
8/9/2017,Weekday,19,975.06,0.011882,31.4
8/9/2017,Weekday,20,999.54,0,32.98
8/9/2017,Weekday,21,984.6,0,26.65
8/9/2017,Weekday,22,914.4,0,22.4
8/9/2017,Weekday,23,816.12,0,20.56
8/10/2017,Weekday,0,691.38,0,18.51
8/10/2017,Weekday,1,597.78,0,18.16
8/10/2017,Weekday,2,545.76,0,16.03
8/10/2017,Weekday,3,577.62,0,14.24
8/10/2017,Weekday,4,554.76,0,13.9
8/10/2017,Weekday,5,533.16,0.00016,17.61
8/10/2017,Weekday,6,658.08,0.338948,19.270001
8/10/2017,Weekday,7,801.18,1.783276,18.8
8/10/2017,Weekday,8,798.3,3.441052,21.29
8/10/2017,Weekday,9,747.54,5.097936,24.369999
8/10/2017,Weekday,10,777.24,5.93339,27.88
8/10/2017,Weekday,11,711.54,6.959688,27.77
8/10/2017,Weekday,12,720.18,9.39531,26.36
8/10/2017,Weekday,13,720.18,9.146644,28.97
8/10/2017,Weekday,14,713.88,8.791664,40.799999
8/10/2017,Weekday,15,715.14,8.566458,32.519999
8/10/2017,Weekday,16,748.26,5.995578,35.66
8/10/2017,Weekday,17,790.92,3.303436,34.44
8/10/2017,Weekday,18,959.04,0.868016,33.45
8/10/2017,Weekday,19,989.46,0.032606,27.2
8/10/2017,Weekday,20,1060.56,0,28.98
8/10/2017,Weekday,21,1063.26,0,26.45
8/10/2017,Weekday,22,990.54,0,21.95
8/10/2017,Weekday,23,863.46,0,22.18
8/11/2017,Weekday,0,736.74,0,19.84
8/11/2017,Weekday,1,630,0,19.68
8/11/2017,Weekday,2,573.12,0,17.94
8/11/2017,Weekday,3,569.16,0,17.5
8/11/2017,Weekday,4,619.38,0,18.26
8/11/2017,Weekday,5,569.34,0,20.52
8/11/2017,Weekday,6,699.12,0.387916,21.2
8/11/2017,Weekday,7,817.38,2.17067,21.37
8/11/2017,Weekday,8,811.44,4.475174,22.98
8/11/2017,Weekday,9,761.04,6.49109,25.84
8/11/2017,Weekday,10,765.72,8.158274,29.41
8/11/2017,Weekday,11,719.1,8.867208,26.290001
8/11/2017,Weekday,12,738,9.181078,35
8/11/2017,Weekday,13,760.32,7.624842,33.96
8/11/2017,Weekday,14,727.38,8.597886,28.57
8/11/2017,Weekday,15,740.34,7.680834,28.980001
8/11/2017,Weekday,16,745.38,5.535646,31.25
8/11/2017,Weekday,17,797.22,2.90683,30.12
8/11/2017,Weekday,18,891,0.891942,29.72
8/11/2017,Weekday,19,1022.94,0.032446,28.32
8/11/2017,Weekday,20,1076.04,0,26.68
8/11/2017,Weekday,21,1100.16,0,26
8/11/2017,Weekday,22,1015.74,0,22.28
8/11/2017,Weekday,23,906.66,0,20.29
8/12/2017,Weekend,0,770.76,0,20.63
8/12/2017,Weekend,1,636.48,0,21.53
8/12/2017,Weekend,2,567.54,0,19.83
8/12/2017,Weekend,3,587.7,0,20.13
8/12/2017,Weekend,4,558.9,0,19.58
8/12/2017,Weekend,5,549.72,0.00096,19.94
8/12/2017,Weekend,6,673.56,0.55451,20.119999
8/12/2017,Weekend,7,808.02,1.97531,19.4
8/12/2017,Weekend,8,826.02,4.167512,20.45
8/12/2017,Weekend,9,779.4,5.602854,23.3
8/12/2017,Weekend,10,809.82,5.53045,28
8/12/2017,Weekend,11,727.38,7.078468,26.19
8/12/2017,Weekend,12,745.74,7.640378,67.97
8/12/2017,Weekend,13,724.14,5.547428,35.55
8/12/2017,Weekend,14,740.34,3.330552,48.049999
8/12/2017,Weekend,15,761.22,2.196042,37.72
8/12/2017,Weekend,16,799.92,3.454224,59.25
8/12/2017,Weekend,17,850.32,1.814366,47.040001
8/12/2017,Weekend,18,976.86,0.670534,33.52
8/12/2017,Weekend,19,1058.94,0.032766,30.549999
8/12/2017,Weekend,20,1102.14,0,29.17
8/12/2017,Weekend,21,1086.66,0,26.23
8/12/2017,Weekend,22,1054.44,0,22.94
8/12/2017,Weekend,23,955.98,0,21.3
8/13/2017,Weekend,0,818.82,0,20.080001
8/13/2017,Weekend,1,689.94,0,21.269999
8/13/2017,Weekend,2,603.54,0,19.069999
8/13/2017,Weekend,3,630.9,0,18.4
8/13/2017,Weekend,4,566.46,0,17.64
8/13/2017,Weekend,5,546.48,0,18.21
8/13/2017,Weekend,6,610.02,0.043368,16.66
8/13/2017,Weekend,7,713.52,1.20192,17.78
8/13/2017,Weekend,8,798.48,2.090138,19.27
8/13/2017,Weekend,9,854.1,1.341306,19.73
8/13/2017,Weekend,10,923.4,1.618804,21.569999
8/13/2017,Weekend,11,911.52,2.721028,23.68
8/13/2017,Weekend,12,910.08,3.13323,25.9
8/13/2017,Weekend,13,904.68,1.308624,32.81
8/13/2017,Weekend,14,898.2,0.571234,38.46
8/13/2017,Weekend,15,938.7,0.293018,27.19
8/13/2017,Weekend,16,958.14,0.240008,50.2
8/13/2017,Weekend,17,965.34,0.231806,42.76
8/13/2017,Weekend,18,1087.2,0.162552,36.509999
8/13/2017,Weekend,19,1072.98,0.00048,30.220001
8/13/2017,Weekend,20,1148.04,0,30.24
8/13/2017,Weekend,21,1132.02,0,25.07
8/13/2017,Weekend,22,1059.12,0,21.51
8/13/2017,Weekend,23,973.44,0,19.899999
8/14/2017,Weekday,0,826.38,0,20.28
8/14/2017,Weekday,1,679.5,0,19.22
8/14/2017,Weekday,2,606.42,0,16.73
8/14/2017,Weekday,3,619.74,0,15.39
8/14/2017,Weekday,4,594.36,0,16.62
8/14/2017,Weekday,5,558.36,0,19.59
8/14/2017,Weekday,6,612.54,0,20.279999
8/14/2017,Weekday,7,718.02,0,19.33
8/14/2017,Weekday,8,796.14,0.185718,22.45
8/14/2017,Weekday,9,863.1,1.547714,23.39
8/14/2017,Weekday,10,961.74,3.766198,24.51
8/14/2017,Weekday,11,910.26,3.40112,27.079999
8/14/2017,Weekday,12,957.06,2.89413,26.18
8/14/2017,Weekday,13,989.1,2.983132,40.78
8/14/2017,Weekday,14,979.92,2.505146,29.24
8/14/2017,Weekday,15,1000.08,1.213524,30.03
8/14/2017,Weekday,16,1046.52,2.223848,34.73
8/14/2017,Weekday,17,1126.44,0.969078,31.79
8/14/2017,Weekday,18,1244.34,0.228884,38.05
8/14/2017,Weekday,19,1347.66,0.00096,32.289999
8/14/2017,Weekday,20,1331.28,0,41.78
8/14/2017,Weekday,21,1328.22,0,30.48
8/14/2017,Weekday,22,1209.6,0,23.519999
8/14/2017,Weekday,23,1069.92,0,22.8
8/15/2017,Weekday,0,909.9,0,21.79
8/15/2017,Weekday,1,784.98,0,21.81
8/15/2017,Weekday,2,667.08,0,21.19
8/15/2017,Weekday,3,606.78,0,20.73
8/15/2017,Weekday,4,674.46,0,20.81
8/15/2017,Weekday,5,606.42,0,22.53
8/15/2017,Weekday,6,736.56,0.138788,24.19
8/15/2017,Weekday,7,864,0.503418,24.66
8/15/2017,Weekday,8,879.12,1.165912,25.43
8/15/2017,Weekday,9,852.12,0.673254,26.35
8/15/2017,Weekday,10,862.38,0.432724,30.62
8/15/2017,Weekday,11,827.64,3.566812,28.85
8/15/2017,Weekday,12,809.64,1.659696,30.66
8/15/2017,Weekday,13,832.86,3.278114,30.67
8/15/2017,Weekday,14,857.88,4.862576,51.34
8/15/2017,Weekday,15,886.14,5.225744,51.96
8/15/2017,Weekday,16,901.8,4.220732,51.93
8/15/2017,Weekday,17,947.52,3.017498,46.94
8/15/2017,Weekday,18,1101.96,0.737112,35.08
8/15/2017,Weekday,19,1215.18,0.0016,30.619999
8/15/2017,Weekday,20,1291.5,0,29.76
8/15/2017,Weekday,21,1247.4,0,29.72
8/15/2017,Weekday,22,1176.12,0,24.070001
8/15/2017,Weekday,23,1041.84,0,21.4
8/16/2017,Weekday,0,856.08,0,20.93
8/16/2017,Weekday,1,705.96,0,19.82
8/16/2017,Weekday,2,641.7,0,18.49
8/16/2017,Weekday,3,647.46,0,15.87
8/16/2017,Weekday,4,607.5,0,17.110001
8/16/2017,Weekday,5,591.12,0,20.1
8/16/2017,Weekday,6,722.34,0.108422,22.33
8/16/2017,Weekday,7,852.12,1.029162,21.19
8/16/2017,Weekday,8,847.62,3.101542,23.4
8/16/2017,Weekday,9,779.4,3.245094,25.66
8/16/2017,Weekday,10,814.5,4.698618,35.37
8/16/2017,Weekday,11,784.8,8.696758,29.07
8/16/2017,Weekday,12,796.14,9.493744,43.62
8/16/2017,Weekday,13,793.8,8.610308,35.16
8/16/2017,Weekday,14,801.9,7.523174,39.15
8/16/2017,Weekday,15,818.28,8.880926,55.800001
8/16/2017,Weekday,16,835.02,6.010182,35.620001
8/16/2017,Weekday,17,900.9,2.999006,41.09
8/16/2017,Weekday,18,1056.96,0.553112,40.6
8/16/2017,Weekday,19,1125.54,0.00064,34.33
8/16/2017,Weekday,20,1184.4,0,32.280001
8/16/2017,Weekday,21,1155.6,0,31.96
8/16/2017,Weekday,22,1105.02,0,26.3
8/16/2017,Weekday,23,993.42,0,23.79
8/17/2017,Weekday,0,826.74,0,21.95
8/17/2017,Weekday,1,702.54,0,21.08
8/17/2017,Weekday,2,631.98,0,20.13
8/17/2017,Weekday,3,654.3,0,19.38
8/17/2017,Weekday,4,600.84,0,19.43
8/17/2017,Weekday,5,587.88,0,21.24
8/17/2017,Weekday,6,713.52,0.2008,22.91
8/17/2017,Weekday,7,862.74,1.096378,23.45
8/17/2017,Weekday,8,867.96,2.117112,23.95
8/17/2017,Weekday,9,812.88,4.975932,25.49
8/17/2017,Weekday,10,836.46,9.446534,29.91
8/17/2017,Weekday,11,782.46,9.599082,30.58
8/17/2017,Weekday,12,796.14,10.16363,30.56
8/17/2017,Weekday,13,801.36,7.136892,49.14
8/17/2017,Weekday,14,802.26,4.071932,51.86
8/17/2017,Weekday,15,826.02,7.635966,54.95
8/17/2017,Weekday,16,861.12,6.162358,107.49
8/17/2017,Weekday,17,923.94,3.244506,50.34
8/17/2017,Weekday,18,1067.22,0.677818,34.420001
8/17/2017,Weekday,19,1184.4,0.011082,29.630001
8/17/2017,Weekday,20,1267.56,0,35.15
8/17/2017,Weekday,21,1245.24,0,40.83
8/17/2017,Weekday,22,1164.42,0,27.63
8/17/2017,Weekday,23,1049.04,0,24.94
8/18/2017,Weekday,0,875.16,0,24.919999
8/18/2017,Weekday,1,727.74,0,22.349999
8/18/2017,Weekday,2,649.26,0,22.159999
8/18/2017,Weekday,3,655.74,0,21.57
8/18/2017,Weekday,4,628.56,0,21.9
8/18/2017,Weekday,5,608.76,0,24.37
8/18/2017,Weekday,6,725.76,0.241768,25.66
8/18/2017,Weekday,7,861.84,2.034164,26.68
8/18/2017,Weekday,8,858.06,3.783242,27.96
8/18/2017,Weekday,9,820.8,5.343268,28.17
8/18/2017,Weekday,10,871.2,6.62165,31.61
8/18/2017,Weekday,11,803.7,8.239368,30.64
8/18/2017,Weekday,12,811.44,6.991402,48.360001
8/18/2017,Weekday,13,841.14,9.060674,65.14
8/18/2017,Weekday,14,837.72,9.326804,77.29
8/18/2017,Weekday,15,884.16,7.858594,84.06
8/18/2017,Weekday,16,910.08,5.46683,76.829999
8/18/2017,Weekday,17,966.96,2.954804,64.17
8/18/2017,Weekday,18,1157.04,0.683578,43.21
8/18/2017,Weekday,19,1214.46,0.00144,29.699999
8/18/2017,Weekday,20,1295.28,0,36.71
8/18/2017,Weekday,21,1342.62,0,31.54
8/18/2017,Weekday,22,1270.08,0,24.04
8/18/2017,Weekday,23,1119.06,0,23.14
8/19/2017,Weekend,0,905.22,0,22.41
8/19/2017,Weekend,1,760.14,0,21.81
8/19/2017,Weekend,2,681.66,0,21.35
8/19/2017,Weekend,3,697.5,0,20.76
8/19/2017,Weekend,4,646.74,0,20.36
8/19/2017,Weekend,5,639.72,0,20.87
8/19/2017,Weekend,6,745.38,0.513062,20.68
8/19/2017,Weekend,7,888.84,2.41824,21.25
8/19/2017,Weekend,8,898.92,3.143428,23.38
8/19/2017,Weekend,9,880.92,2.339866,24.92
8/19/2017,Weekend,10,922.68,1.029204,29.22
8/19/2017,Weekend,11,910.62,1.263932,34.29
8/19/2017,Weekend,12,895.5,2.674618,57.16
8/19/2017,Weekend,13,950.94,3.64645,32.58
8/19/2017,Weekend,14,957.96,3.311782,52.58
8/19/2017,Weekend,15,978.84,2.770678,60.120001
8/19/2017,Weekend,16,1000.62,2.761878,40
8/19/2017,Weekend,17,1035.18,0.99696,38.27
8/19/2017,Weekend,18,1189.62,0.236606,31.79
8/19/2017,Weekend,19,1258.56,0.00064,30.11
8/19/2017,Weekend,20,1309.14,0,31.7
8/19/2017,Weekend,21,1304.46,0,27.95
8/19/2017,Weekend,22,1292.4,0,23.4
8/19/2017,Weekend,23,1199.52,0,21.2
8/20/2017,Weekend,0,1014.84,0,22.029999
8/20/2017,Weekend,1,858.24,0,19.85
8/20/2017,Weekend,2,756,0,19.4
8/20/2017,Weekend,3,750.78,0,16.7
8/20/2017,Weekend,4,688.68,0,15.84
8/20/2017,Weekend,5,652.14,0,17.92
8/20/2017,Weekend,6,713.52,0.00032,16.59
8/20/2017,Weekend,7,833.58,0.74139,16.85
8/20/2017,Weekend,8,986.94,3.537626,19.36
8/20/2017,Weekend,9,1103.94,6.676488,21.39
8/20/2017,Weekend,10,1186.2,4.90651,23.220001
8/20/2017,Weekend,11,1117.62,5.491966,25.93
8/20/2017,Weekend,12,1186.02,9.361886,28.450001
8/20/2017,Weekend,13,1195.74,8.178662,35.36
8/20/2017,Weekend,14,1199.88,6.955276,32.01
8/20/2017,Weekend,15,1258.02,1.670004,38.87
8/20/2017,Weekend,16,1245.06,0.732986,49.71
8/20/2017,Weekend,17,1302.84,0.789718,68.67
8/20/2017,Weekend,18,1422.54,0.563672,35.539999
8/20/2017,Weekend,19,1416.42,0,44.42
8/20/2017,Weekend,20,1478.88,0,50.01
8/20/2017,Weekend,21,1490.58,0,31.880001
8/20/2017,Weekend,22,1413.36,0,23.590001
8/20/2017,Weekend,23,1277.64,0,22.45
8/21/2017,Weekday,0,1073.34,0,21.35
8/21/2017,Weekday,1,885.78,0,19.53
8/21/2017,Weekday,2,788.76,0,18.32
8/21/2017,Weekday,3,742.86,0,17.34
8/21/2017,Weekday,4,766.62,0,18.059999
8/21/2017,Weekday,5,676.98,0,20.480001
8/21/2017,Weekday,6,722.52,0.022324,22.2
8/21/2017,Weekday,7,845.28,0.048008,22.940001
8/21/2017,Weekday,8,1014.48,1.794198,24.83
8/21/2017,Weekday,9,1179,4.956784,28.83
8/21/2017,Weekday,10,1296.36,6.957508,32.7
8/21/2017,Weekday,11,1258.92,6.26347,39.16
8/21/2017,Weekday,12,1304.28,5.31723,45.33
8/21/2017,Weekday,13,1361.7,6.73195,40.57
8/21/2017,Weekday,14,1374.48,6.899318,26.05
8/21/2017,Weekday,15,1393.92,4.488076,29.34
8/21/2017,Weekday,16,1485,3.136202,34.66
8/21/2017,Weekday,17,1540.44,2.460144,55.62
8/21/2017,Weekday,18,1674.36,0.293658,38.22
8/21/2017,Weekday,19,1679.4,0.00048,33.3
8/21/2017,Weekday,20,1740.42,0,33.93
8/21/2017,Weekday,21,1704.6,0,31.98
8/21/2017,Weekday,22,1594.44,0,25.8
8/21/2017,Weekday,23,1345.86,0,23.29
8/22/2017,Weekday,0,1087.74,0,21.879999
8/22/2017,Weekday,1,938.34,0,19.89
8/22/2017,Weekday,2,847.62,0,19.44
8/22/2017,Weekday,3,845.64,0,18.24
8/22/2017,Weekday,4,818.64,0,19.6
8/22/2017,Weekday,5,770.22,0,22.38
8/22/2017,Weekday,6,874.08,0.141348,24.78
8/22/2017,Weekday,7,1009.08,0.390156,24.669999
8/22/2017,Weekday,8,1001.52,0.984564,25.34
8/22/2017,Weekday,9,954.36,0.847486,28.52
8/22/2017,Weekday,10,1008.36,3.854854,27.51
8/22/2017,Weekday,11,968.76,2.746778,32.55
8/22/2017,Weekday,12,1049.04,3.598164,40.9
8/22/2017,Weekday,13,1124.28,8.968026,31.72
8/22/2017,Weekday,14,1155.42,6.108396,34.8
8/22/2017,Weekday,15,1164.42,5.889752,49.020001
8/22/2017,Weekday,16,1170.54,4.378274,49.16
8/22/2017,Weekday,17,1229.4,3.194652,49.52
8/22/2017,Weekday,18,1436.58,0.579596,41.12
8/22/2017,Weekday,19,1575.36,0.0008,44.05
8/22/2017,Weekday,20,1737.72,0,38.79
8/22/2017,Weekday,21,1727.82,0,29.48
8/22/2017,Weekday,22,1621.98,0,24.98
8/22/2017,Weekday,23,1401.3,0,22.56
8/23/2017,Weekday,0,1167.48,0,22.93
8/23/2017,Weekday,1,991.62,0,22.52
8/23/2017,Weekday,2,891.36,0,21.26
8/23/2017,Weekday,3,841.32,0,19.04
8/23/2017,Weekday,4,851.94,0,18.1
8/23/2017,Weekday,5,783.9,0,22.58
8/23/2017,Weekday,6,892.26,0.237204,23.770001
8/23/2017,Weekday,7,1083.24,2.18859,22.43
8/23/2017,Weekday,8,1172.34,4.742182,23.24
8/23/2017,Weekday,9,1131.84,7.111664,24.67
8/23/2017,Weekday,10,1136.16,9.074022,25.82
8/23/2017,Weekday,11,1084.14,9.096732,26.71
8/23/2017,Weekday,12,1127.52,9.107208,27.83
8/23/2017,Weekday,13,1182.6,9.107856,27.84
8/23/2017,Weekday,14,1204.02,8.72875,33.84
8/23/2017,Weekday,15,1176.48,8.007386,29.84
8/23/2017,Weekday,16,1165.14,5.29339,32.64
8/23/2017,Weekday,17,1266.48,2.189238,37.11
8/23/2017,Weekday,18,1448.1,0.547192,42.23
8/23/2017,Weekday,19,1534.68,0.00096,28.04
8/23/2017,Weekday,20,1674,0,28.01
8/23/2017,Weekday,21,1710.36,0,24.3
8/23/2017,Weekday,22,1661.04,0,20.9
8/23/2017,Weekday,23,1401.66,0,20.37
8/24/2017,Weekday,0,1171.44,0,19.74
8/24/2017,Weekday,1,994.14,0,19.690001
8/24/2017,Weekday,2,894.96,0,18.110001
8/24/2017,Weekday,3,887.94,0,17.67
8/24/2017,Weekday,4,819,0,17.830001
8/24/2017,Weekday,5,793.44,0,19.37
8/24/2017,Weekday,6,876.06,0.134628,21.690001
8/24/2017,Weekday,7,987.84,1.74283,20.7
8/24/2017,Weekday,8,983.88,4.796186,21.42
8/24/2017,Weekday,9,970.92,5.130938,22.52
8/24/2017,Weekday,10,1010.52,7.874442,23.34
8/24/2017,Weekday,11,945.9,8.58091,26.34
8/24/2017,Weekday,12,1010.88,7.031866,25.91
8/24/2017,Weekday,13,1026.9,7.849928,24.89
8/24/2017,Weekday,14,1026.72,7.756666,24.93
8/24/2017,Weekday,15,1019.52,4.677094,39.229999
8/24/2017,Weekday,16,1067.58,3.014004,25.21
8/24/2017,Weekday,17,1124.28,1.837372,27.18
8/24/2017,Weekday,18,1312.92,0.681382,25.28
8/24/2017,Weekday,19,1419.84,0.00048,23.7
8/24/2017,Weekday,20,1539.18,0,27.18
8/24/2017,Weekday,21,1582.2,0,22.66
8/24/2017,Weekday,22,1520.1,0,19.61
8/24/2017,Weekday,23,1330.02,0,20.21
8/25/2017,Weekday,0,1098.72,0,18.130001
8/25/2017,Weekday,1,928.44,0,18.519999
8/25/2017,Weekday,2,834.84,0,13.18
8/25/2017,Weekday,3,786.96,0,17.44
8/25/2017,Weekday,4,843.84,0,15.2
8/25/2017,Weekday,5,757.98,0,15.72
8/25/2017,Weekday,6,844.38,0.032926,19.61
8/25/2017,Weekday,7,992.52,0.892058,20.38
8/25/2017,Weekday,8,1011.42,2.937668,20.909999
8/25/2017,Weekday,9,987.48,7.31915,23.48
8/25/2017,Weekday,10,1017.54,9.086308,23.73
8/25/2017,Weekday,11,992.34,8.37477,26.82
8/25/2017,Weekday,12,1028.88,9.64773,75.96
8/25/2017,Weekday,13,1040.22,8.568766,24.3
8/25/2017,Weekday,14,1028.34,7.724076,24.93
8/25/2017,Weekday,15,1045.26,4.39589,27.12
8/25/2017,Weekday,16,1071.36,5.35685,28.060001
8/25/2017,Weekday,17,1089.9,2.617894,27.9
8/25/2017,Weekday,18,1333.08,0.498342,25.369999
8/25/2017,Weekday,19,1466.28,0.00048,22.270001
8/25/2017,Weekday,20,1597.5,0,24.13
8/25/2017,Weekday,21,1580.94,0,22.949999
8/25/2017,Weekday,22,1525.14,0,19.849999
8/25/2017,Weekday,23,1365.12,0,16.93
8/26/2017,Weekend,0,1180.26,0,16.49
8/26/2017,Weekend,1,978.3,0,19.34
8/26/2017,Weekend,2,876.24,0,17.17
8/26/2017,Weekend,3,897.12,0,18.49
8/26/2017,Weekend,4,804.24,0,17.2
8/26/2017,Weekend,5,783.36,0,19.13
8/26/2017,Weekend,6,884.52,0.256008,19.04
8/26/2017,Weekend,7,1038.06,2.29813,11.22
8/26/2017,Weekend,8,1080.18,4.59109,17.93
8/26/2017,Weekend,9,1049.04,7.942636,20.5
8/26/2017,Weekend,10,1091.16,9.306518,20.579999
8/26/2017,Weekend,11,1044.36,9.098324,23.21
8/26/2017,Weekend,12,1134.72,10.094534,23.8
8/26/2017,Weekend,13,1143.72,9.717786,23.17
8/26/2017,Weekend,14,1100.52,9.700278,23.03
8/26/2017,Weekend,15,1119.78,8.388058,23.269999
8/26/2017,Weekend,16,1162.44,5.745532,23.91
8/26/2017,Weekend,17,1262.52,3.063908,24.49
8/26/2017,Weekend,18,1460.88,0.770358,24.590001
8/26/2017,Weekend,19,1527.48,0.010602,22.3
8/26/2017,Weekend,20,1612.8,0,23.07
8/26/2017,Weekend,21,1631.16,0,20.7
8/26/2017,Weekend,22,1617.48,0,17.44
8/26/2017,Weekend,23,1477.8,0,18.7
8/27/2017,Weekend,0,1293.48,0,17.87
8/27/2017,Weekend,1,1081.98,0,20.330001
8/27/2017,Weekend,2,943.92,0,17.549999
8/27/2017,Weekend,3,908.82,0,16.13
8/27/2017,Weekend,4,882.36,0,16.890001
8/27/2017,Weekend,5,808.02,0,14.61
8/27/2017,Weekend,6,840.6,0.290534,10.299999
8/27/2017,Weekend,7,979.74,2.364026,9.08
8/27/2017,Weekend,8,1133.64,5.470736,16.42
8/27/2017,Weekend,9,1269.36,8.053786,18.48
8/27/2017,Weekend,10,1387.62,9.827428,19.23
8/27/2017,Weekend,11,1368.36,10.472834,20.5
8/27/2017,Weekend,12,1417.32,10.70976,20.63
8/27/2017,Weekend,13,1340.1,10.334484,21.18
8/27/2017,Weekend,14,1225.26,9.862156,21.3
8/27/2017,Weekend,15,1192.5,8.530214,22.850001
8/27/2017,Weekend,16,1119.96,6.045196,23
8/27/2017,Weekend,17,1162.8,2.890434,29.59
8/27/2017,Weekend,18,1344.24,0.543352,24.84
8/27/2017,Weekend,19,1431.72,0,23.789999
8/27/2017,Weekend,20,1528.74,0,38.540001
8/27/2017,Weekend,21,1537.2,0,22.380001
8/27/2017,Weekend,22,1479.6,0,20.13
8/27/2017,Weekend,23,1378.08,0,19.17
8/28/2017,Weekday,0,1188,0,18.190001
8/28/2017,Weekday,1,995.58,0,18.31
8/28/2017,Weekday,2,882.36,0,16.64
8/28/2017,Weekday,3,870.12,0,16.5
8/28/2017,Weekday,4,793.98,0,17.029999
8/28/2017,Weekday,5,752.76,0,20.09
8/28/2017,Weekday,6,801,0.215882,21.55
8/28/2017,Weekday,7,914.4,1.487174,20.86
8/28/2017,Weekday,8,1042.92,2.088058,20.6
8/28/2017,Weekday,9,1170.36,5.562686,21.429999
8/28/2017,Weekday,10,1279.98,9.612464,22.140001
8/28/2017,Weekday,11,1174.5,10.099874,22.6
8/28/2017,Weekday,12,1249.56,10.169002,23
8/28/2017,Weekday,13,1297.8,10.12688,23.360001
8/28/2017,Weekday,14,1270.62,8.481658,23.15
8/28/2017,Weekday,15,1291.32,8.109154,23.92
8/28/2017,Weekday,16,1312.56,5.690602,24.680001
8/28/2017,Weekday,17,1381.32,2.36592,23.84
8/28/2017,Weekday,18,1517.04,0.44373,22.64
8/28/2017,Weekday,19,1532.7,0,22.49
8/28/2017,Weekday,20,1562.22,0,25.2
8/28/2017,Weekday,21,1542.06,0,21.849999
8/28/2017,Weekday,22,1429.74,0,18.949999
8/28/2017,Weekday,23,1244.16,0,17.41
8/29/2017,Weekday,0,1048.86,0,17.21
8/29/2017,Weekday,1,899.1,0,17.72
8/29/2017,Weekday,2,813.6,0,16.12
8/29/2017,Weekday,3,752.22,0,16.299999
8/29/2017,Weekday,4,792.72,0,17.349999
8/29/2017,Weekday,5,713.52,0,19.080001
8/29/2017,Weekday,6,786.06,0.022484,20.139999
8/29/2017,Weekday,7,896.04,1.631124,20.63
8/29/2017,Weekday,8,934.56,5.097382,22.34
8/29/2017,Weekday,9,942.84,7.919074,22.540001
8/29/2017,Weekday,10,1018.8,10.031066,22.85
8/29/2017,Weekday,11,979.56,11.067234,22.89
8/29/2017,Weekday,12,1045.98,11.140286,24.1
8/29/2017,Weekday,13,1084.68,10.914644,23.58
8/29/2017,Weekday,14,1064.34,10.199352,22.99
8/29/2017,Weekday,15,1042.56,8.59435,23.060001
8/29/2017,Weekday,16,1106.28,6.07056,23.25
8/29/2017,Weekday,17,1193.22,3.054948,24.249999
8/29/2017,Weekday,18,1378.62,0.421406,26.09
8/29/2017,Weekday,19,1505.34,0,21.679999
8/29/2017,Weekday,20,1670.76,0,22.85
8/29/2017,Weekday,21,1718.28,0,21.89
8/29/2017,Weekday,22,1608.66,0,17.57
8/29/2017,Weekday,23,1440.18,0,16.58
8/30/2017,Weekday,0,1234.44,0,19.289999
8/30/2017,Weekday,1,1030.68,0,17.45
8/30/2017,Weekday,2,931.32,0,17.020001
8/30/2017,Weekday,3,923.58,0,15.619999
8/30/2017,Weekday,4,799.38,0,17.34
8/30/2017,Weekday,5,767.7,0,19.2
8/30/2017,Weekday,6,839.52,0.022964,20.01
8/30/2017,Weekday,7,946.44,0.474054,18.440001
8/30/2017,Weekday,8,987.3,1.595478,20.19
8/30/2017,Weekday,9,1000.44,2.790922,20.88
8/30/2017,Weekday,10,1084.5,8.72608,22.45
8/30/2017,Weekday,11,1073.52,5.960244,24.27
8/30/2017,Weekday,12,1081.98,10.040118,27.65
8/30/2017,Weekday,13,1121.22,11.096926,29.22
8/30/2017,Weekday,14,1108.98,9.151098,29.240001
8/30/2017,Weekday,15,1155.78,6.132134,41.63
8/30/2017,Weekday,16,1148.04,3.149238,50.08
8/30/2017,Weekday,17,1220.04,2.802492,38.17
8/30/2017,Weekday,18,1446.66,0.334628,31.42
8/30/2017,Weekday,19,1602.9,0,31.39
8/30/2017,Weekday,20,1694.88,0,34.91
8/30/2017,Weekday,21,1773,0,26.82
8/30/2017,Weekday,22,1731.78,0,21.83
8/30/2017,Weekday,23,1583.64,0,20.08
